{
    "prepare_queue": {
        "installed": [],
        "uninstalled": []
    },
    "config_munge": {
        "files": {}
    },
    "installed_plugins": {
        "cordova-plugin-battery-status": {
            "PACKAGE_NAME": "com.phonegap.Todolist"
        },
        "cordova-plugin-camera": {
            "PACKAGE_NAME": "com.phonegap.Todolist"
        },
        "cordova-plugin-media-capture": {
            "PACKAGE_NAME": "com.phonegap.Todolist"
        },
        "cordova-plugin-console": {
            "PACKAGE_NAME": "com.phonegap.Todolist"
        },
        "cordova-plugin-contacts": {
            "PACKAGE_NAME": "com.phonegap.Todolist"
        },
        "cordova-plugin-device": {
            "PACKAGE_NAME": "com.phonegap.Todolist"
        },
        "cordova-plugin-device-motion": {
            "PACKAGE_NAME": "com.phonegap.Todolist"
        },
        "cordova-plugin-device-orientation": {
            "PACKAGE_NAME": "com.phonegap.Todolist"
        },
        "cordova-plugin-dialogs": {
            "PACKAGE_NAME": "com.phonegap.Todolist"
        },
        "cordova-plugin-file": {
            "PACKAGE_NAME": "com.phonegap.Todolist"
        },
        "cordova-plugin-file-transfer": {
            "PACKAGE_NAME": "com.phonegap.Todolist"
        },
        "cordova-plugin-geolocation": {
            "PACKAGE_NAME": "com.phonegap.Todolist"
        },
        "cordova-plugin-globalization": {
            "PACKAGE_NAME": "com.phonegap.Todolist"
        },
        "cordova-plugin-inappbrowser": {
            "PACKAGE_NAME": "com.phonegap.Todolist"
        },
        "cordova-plugin-media": {
            "PACKAGE_NAME": "com.phonegap.Todolist"
        },
        "cordova-plugin-network-information": {
            "PACKAGE_NAME": "com.phonegap.Todolist"
        },
        "cordova-plugin-splashscreen": {
            "PACKAGE_NAME": "com.phonegap.Todolist"
        },
        "cordova-plugin-statusbar": {
            "PACKAGE_NAME": "com.phonegap.Todolist"
        },
        "cordova-plugin-vibration": {
            "PACKAGE_NAME": "com.phonegap.Todolist"
        },
        "cordova-plugin-whitelist": {
            "PACKAGE_NAME": "com.phonegap.Todolist"
        }
    },
    "dependent_plugins": {}
}